,sourceIP,destIP,numOfRequest,time,acceptanceRate,is_attack,is_attack_supervised,likelihood
10907,172.16.1.52,172.16.1.196,622.0,1612983825.0,100.0,1,1.0,0.25809128630705397
14408,172.16.1.52,172.16.1.196,655.0,1612984808.0,100.0,1,1.0,0.2717842323651452
14399,172.16.1.52,172.16.1.196,650.0,1612984804.0,100.0,1,1.0,0.2697095435684647
14397,172.16.1.196,172.16.1.52,650.0,1612984804.0,100.0,1,1.0,0.2697095435684647
14366,172.16.1.52,172.16.1.196,579.0,1612984792.0,100.0,1,1.0,0.24024896265560167
14364,172.16.1.196,172.16.1.52,579.0,1612984792.0,100.0,1,1.0,0.24024896265560167
14356,172.16.1.52,172.16.1.196,648.0,1612984788.0,100.0,1,1.0,0.2688796680497925
14354,172.16.1.196,172.16.1.52,648.0,1612984788.0,100.0,1,1.0,0.2688796680497925
14331,172.16.1.52,172.16.1.196,444.0,1612984784.0,100.0,1,1.0,0.18423236514522823
14329,172.16.1.196,172.16.1.52,444.0,1612984784.0,100.0,1,1.0,0.18423236514522823
14287,172.16.1.52,172.16.1.196,681.0,1612984773.0,100.0,1,1.0,0.2825726141078838
14286,172.16.1.196,172.16.1.52,681.0,1612984773.0,100.0,1,1.0,0.2825726141078838
14267,172.16.1.52,172.16.1.196,678.0,1612984737.0,100.0,1,1.0,0.2813278008298755
14266,172.16.1.196,172.16.1.52,678.0,1612984737.0,100.0,1,1.0,0.2813278008298755
14265,172.16.1.52,172.16.1.196,642.0,1612984736.0,100.0,1,1.0,0.26639004149377593
14264,172.16.1.196,172.16.1.52,642.0,1612984736.0,100.0,1,1.0,0.26639004149377593
14217,172.16.1.52,172.16.1.196,616.0,1612984724.0,100.0,1,1.0,0.2556016597510373
14407,172.16.1.196,172.16.1.52,655.0,1612984808.0,100.0,1,1.0,0.2717842323651452
14459,172.16.1.196,172.16.1.52,674.0,1612984817.0,100.0,1,1.0,0.2796680497925311
14666,172.16.1.196,172.16.1.52,618.0,1612984868.0,100.0,1,1.0,0.2564315352697095
14461,172.16.1.52,172.16.1.196,674.0,1612984817.0,100.0,1,1.0,0.2796680497925311
14656,172.16.1.196,172.16.1.52,840.0,1612984865.0,100.0,1,1.0,0.34854771784232363
14637,172.16.1.52,172.16.1.196,417.0,1612984861.0,100.0,1,1.0,0.17302904564315352
14636,172.16.1.196,172.16.1.52,417.0,1612984861.0,100.0,1,1.0,0.17302904564315352
14619,172.16.1.52,172.16.1.196,621.0,1612984852.0,100.0,1,1.0,0.2576763485477178
14617,172.16.1.196,172.16.1.52,621.0,1612984852.0,100.0,1,1.0,0.2576763485477178
14606,172.16.1.52,172.16.1.196,661.0,1612984849.0,100.0,1,1.0,0.27427385892116185
14605,172.16.1.196,172.16.1.52,661.0,1612984849.0,100.0,1,1.0,0.27427385892116185
8187,10.3.252.33,172.16.1.245,999.0,1612982860.0,100.0,1,1.0,0.4145228215767635
8189,172.16.1.245,10.3.252.33,999.0,1612982860.0,100.0,1,1.0,0.4145228215767635
14560,172.16.1.52,172.16.1.196,598.0,1612984841.0,100.0,1,1.0,0.24813278008298756
14556,172.16.1.196,172.16.1.52,598.0,1612984841.0,100.0,1,1.0,0.24813278008298756
14514,172.16.1.52,172.16.1.196,1263.0,1612984828.0,100.0,1,1.0,0.5240663900414938
14511,172.16.1.196,172.16.1.52,1263.0,1612984828.0,100.0,1,1.0,0.5240663900414938
14478,172.16.1.52,172.16.1.196,428.0,1612984820.0,100.0,1,1.0,0.17759336099585063
14477,172.16.1.196,172.16.1.52,428.0,1612984820.0,100.0,1,1.0,0.17759336099585063
14211,172.16.1.196,172.16.1.52,616.0,1612984724.0,100.0,1,1.0,0.2556016597510373
14189,172.16.1.52,172.16.1.196,828.0,1612984721.0,100.0,1,1.0,0.34356846473029046
14186,172.16.1.196,172.16.1.52,828.0,1612984721.0,100.0,1,1.0,0.34356846473029046
14145,172.16.1.52,172.16.1.196,684.0,1612984713.0,100.0,1,1.0,0.2838174273858921
13937,172.16.1.196,172.16.1.52,770.0,1612984661.0,100.0,1,1.0,0.31950207468879666
13908,172.16.1.52,172.16.1.196,1174.0,1612984653.0,100.0,1,1.0,0.4871369294605809
13906,172.16.1.196,172.16.1.52,1174.0,1612984653.0,100.0,1,1.0,0.4871369294605809
13889,172.16.1.52,172.16.1.196,666.0,1612984648.0,100.0,1,1.0,0.27634854771784234
13888,172.16.1.196,172.16.1.52,666.0,1612984648.0,100.0,1,1.0,0.27634854771784234
13856,172.16.1.52,172.16.1.196,685.0,1612984641.0,100.0,1,1.0,0.2842323651452282
13854,172.16.1.196,172.16.1.52,685.0,1612984641.0,100.0,1,1.0,0.2842323651452282
13813,172.16.1.52,172.16.1.196,668.0,1612984629.0,100.0,1,1.0,0.27717842323651454
13811,172.16.1.196,172.16.1.52,668.0,1612984629.0,100.0,1,1.0,0.27717842323651454
13795,172.16.1.52,172.16.1.196,832.0,1612984625.0,100.0,1,1.0,0.34522821576763485
13793,172.16.1.196,172.16.1.52,832.0,1612984625.0,100.0,1,1.0,0.34522821576763485
13778,172.16.1.52,172.16.1.196,605.0,1612984617.0,100.0,1,1.0,0.25103734439834025
13777,172.16.1.196,172.16.1.52,605.0,1612984617.0,100.0,1,1.0,0.25103734439834025
8775,172.16.1.196,172.16.1.52,513.0,1612983020.0,100.0,1,1.0,0.21286307053941908
8776,172.16.1.52,172.16.1.196,513.0,1612983020.0,100.0,1,1.0,0.21286307053941908
13940,172.16.1.52,172.16.1.196,768.0,1612984661.0,100.0,1,1.0,0.31867219917012446
13969,172.16.1.196,172.16.1.52,1558.0,1612984665.0,100.0,1,1.0,0.6464730290456432
13971,172.16.1.52,172.16.1.196,1558.0,1612984665.0,100.0,1,1.0,0.6464730290456432
14065,172.16.1.196,172.16.1.52,644.0,1612984692.0,100.0,1,1.0,0.2672199170124481
14144,172.16.1.196,172.16.1.52,684.0,1612984713.0,100.0,1,1.0,0.2838174273858921
14121,172.16.1.52,172.16.1.196,878.0,1612984705.0,100.0,1,1.0,0.3643153526970954
14120,172.16.1.196,172.16.1.52,878.0,1612984705.0,100.0,1,1.0,0.3643153526970954
14089,172.16.1.52,172.16.1.196,614.0,1612984700.0,100.0,1,1.0,0.25477178423236513
14088,172.16.1.196,172.16.1.52,614.0,1612984700.0,100.0,1,1.0,0.25477178423236513
14067,172.16.1.52,172.16.1.196,644.0,1612984692.0,100.0,1,1.0,0.2672199170124481
14035,172.16.1.52,172.16.1.196,859.0,1612984684.0,100.0,1,1.0,0.35643153526970955
13976,172.16.1.196,172.16.1.52,648.0,1612984668.0,100.0,1,1.0,0.2688796680497925
14034,172.16.1.196,172.16.1.52,859.0,1612984684.0,100.0,1,1.0,0.35643153526970955
14028,172.16.1.52,172.16.1.196,645.0,1612984681.0,100.0,1,1.0,0.2676348547717842
14026,172.16.1.196,172.16.1.52,645.0,1612984681.0,100.0,1,1.0,0.2676348547717842
14002,172.16.1.52,172.16.1.196,1016.0,1612984674.0,100.0,1,1.0,0.4215767634854772
14000,172.16.1.196,172.16.1.52,1016.0,1612984674.0,100.0,1,1.0,0.4215767634854772
13977,172.16.1.52,172.16.1.196,648.0,1612984668.0,100.0,1,1.0,0.2688796680497925
14657,172.16.1.52,172.16.1.196,840.0,1612984865.0,100.0,1,1.0,0.34854771784232363
14667,172.16.1.52,172.16.1.196,618.0,1612984868.0,100.0,1,1.0,0.2564315352697095
13763,172.16.1.196,172.16.1.52,601.0,1612984612.0,100.0,1,1.0,0.24937759336099585
15340,172.16.1.52,172.16.1.196,661.0,1612985049.0,100.0,1,1.0,0.27427385892116185
15316,172.16.1.52,172.16.1.196,625.0,1612985042.0,100.0,1,1.0,0.25933609958506226
15313,172.16.1.196,172.16.1.52,625.0,1612985042.0,100.0,1,1.0,0.25933609958506226
15308,172.16.1.52,172.16.1.196,418.0,1612985041.0,100.0,1,1.0,0.17344398340248962
15306,172.16.1.196,172.16.1.52,418.0,1612985041.0,100.0,1,1.0,0.17344398340248962
15273,172.16.1.52,172.16.1.196,688.0,1612985029.0,100.0,1,1.0,0.2854771784232365
15271,172.16.1.196,172.16.1.52,688.0,1612985029.0,100.0,1,1.0,0.2854771784232365
15257,172.16.1.52,172.16.1.196,648.0,1612985028.0,100.0,1,1.0,0.2688796680497925
15251,172.16.1.196,172.16.1.52,648.0,1612985028.0,100.0,1,1.0,0.2688796680497925
15219,172.16.1.52,172.16.1.196,460.0,1612985020.0,100.0,1,1.0,0.1908713692946058
15218,172.16.1.196,172.16.1.52,460.0,1612985020.0,100.0,1,1.0,0.1908713692946058
15195,172.16.1.52,172.16.1.196,658.0,1612985016.0,100.0,1,1.0,0.2730290456431535
15194,172.16.1.196,172.16.1.52,658.0,1612985016.0,100.0,1,1.0,0.2730290456431535
15182,172.16.1.52,172.16.1.196,609.0,1612985008.0,100.0,1,1.0,0.25269709543568464
15181,172.16.1.196,172.16.1.52,609.0,1612985008.0,100.0,1,1.0,0.25269709543568464
15149,172.16.1.52,172.16.1.196,857.0,1612985001.0,100.0,1,1.0,0.35560165975103736
15338,172.16.1.196,172.16.1.52,661.0,1612985049.0,100.0,1,1.0,0.27427385892116185
15354,172.16.1.196,172.16.1.52,623.0,1612985053.0,100.0,1,1.0,0.25850622406639007
14684,172.16.1.196,172.16.1.52,905.0,1612984881.0,100.0,1,1.0,0.3755186721991701
15355,172.16.1.52,172.16.1.196,623.0,1612985053.0,100.0,1,1.0,0.25850622406639007
15492,172.16.1.52,172.16.1.196,1231.0,1612985089.0,100.0,1,1.0,0.5107883817427386
15491,172.16.1.196,172.16.1.52,1231.0,1612985089.0,100.0,1,1.0,0.5107883817427386
1594,50.245.225.205,172.16.1.52,525.0,1612981041.0,100.0,1,1.0,0.21784232365145229
1591,172.16.1.52,50.245.225.205,525.0,1612981041.0,100.0,1,1.0,0.21784232365145229
7612,10.3.252.33,172.16.1.245,555.0,1612982701.0,100.0,1,1.0,0.23029045643153526
7613,172.16.1.245,10.3.252.33,555.0,1612982701.0,100.0,1,1.0,0.23029045643153526
7616,10.3.252.33,172.16.1.245,455.0,1612982703.0,100.0,1,1.0,0.1887966804979253
7617,172.16.1.245,10.3.252.33,456.0,1612982703.0,100.0,1,1.0,0.1892116182572614
15457,172.16.1.52,172.16.1.196,426.0,1612985081.0,100.0,1,1.0,0.17676348547717843
15454,172.16.1.196,172.16.1.52,426.0,1612985081.0,100.0,1,1.0,0.17676348547717843
15437,172.16.1.52,172.16.1.196,661.0,1612985077.0,100.0,1,1.0,0.27427385892116185
15435,172.16.1.196,172.16.1.52,661.0,1612985077.0,100.0,1,1.0,0.27427385892116185
15407,172.16.1.52,172.16.1.196,665.0,1612985068.0,100.0,1,1.0,0.27593360995850624
15406,172.16.1.196,172.16.1.52,665.0,1612985068.0,100.0,1,1.0,0.27593360995850624
15388,172.16.1.52,172.16.1.196,656.0,1612985065.0,100.0,1,1.0,0.2721991701244813
15147,172.16.1.196,172.16.1.52,857.0,1612985001.0,100.0,1,1.0,0.35560165975103736
15141,172.16.1.52,172.16.1.196,477.0,1612985000.0,100.0,1,1.0,0.1979253112033195
15140,172.16.1.196,172.16.1.52,477.0,1612985000.0,100.0,1,1.0,0.1979253112033195
15122,10.3.252.33,172.16.1.241,1965.0,1612984992.0,0.15267175572519137,1,1.0,0.8153526970954357
14879,172.16.1.52,172.16.1.196,631.0,1612984933.0,100.0,1,1.0,0.26182572614107885
14877,172.16.1.196,172.16.1.52,631.0,1612984933.0,100.0,1,1.0,0.26182572614107885
14850,172.16.1.52,172.16.1.196,850.0,1612984921.0,100.0,1,1.0,0.35269709543568467
14849,172.16.1.196,172.16.1.52,850.0,1612984921.0,100.0,1,1.0,0.35269709543568467
14840,172.16.1.52,172.16.1.196,663.0,1612984920.0,100.0,1,1.0,0.27510373443983405
14838,172.16.1.196,172.16.1.52,663.0,1612984920.0,100.0,1,1.0,0.27510373443983405
14815,172.16.1.52,172.16.1.196,618.0,1612984908.0,100.0,1,1.0,0.2564315352697095
14814,172.16.1.196,172.16.1.52,618.0,1612984908.0,100.0,1,1.0,0.2564315352697095
14794,172.16.1.52,172.16.1.196,845.0,1612984904.0,100.0,1,1.0,0.3506224066390041
14786,172.16.1.196,172.16.1.52,845.0,1612984904.0,100.0,1,1.0,0.3506224066390041
14741,172.16.1.52,172.16.1.196,665.0,1612984896.0,100.0,1,1.0,0.27593360995850624
14736,172.16.1.196,172.16.1.52,665.0,1612984896.0,100.0,1,1.0,0.27593360995850624
14726,172.16.1.52,172.16.1.196,695.0,1612984893.0,100.0,1,1.0,0.2883817427385892
14724,172.16.1.196,172.16.1.52,695.0,1612984893.0,100.0,1,1.0,0.2883817427385892
14685,172.16.1.52,172.16.1.196,905.0,1612984881.0,100.0,1,1.0,0.3755186721991701
14903,172.16.1.196,172.16.1.52,688.0,1612984937.0,100.0,1,1.0,0.2854771784232365
14904,172.16.1.52,172.16.1.196,688.0,1612984937.0,100.0,1,1.0,0.2854771784232365
14933,172.16.1.196,172.16.1.52,614.0,1612984945.0,100.0,1,1.0,0.25477178423236513
15044,172.16.1.52,172.16.1.196,689.0,1612984969.0,100.0,1,1.0,0.2858921161825726
15117,172.16.1.52,172.16.1.196,1320.0,1612984989.0,100.0,1,1.0,0.5477178423236515
15116,172.16.1.196,172.16.1.52,1320.0,1612984989.0,100.0,1,1.0,0.5477178423236515
15091,172.16.1.52,172.16.1.196,447.0,1612984980.0,100.0,1,1.0,0.18547717842323652
15090,172.16.1.196,172.16.1.52,447.0,1612984980.0,100.0,1,1.0,0.18547717842323652
15085,172.16.1.52,172.16.1.196,672.0,1612984976.0,100.0,1,1.0,0.27883817427385893
15083,172.16.1.196,172.16.1.52,672.0,1612984976.0,100.0,1,1.0,0.27883817427385893
15042,172.16.1.196,172.16.1.52,689.0,1612984969.0,100.0,1,1.0,0.2858921161825726
14934,172.16.1.52,172.16.1.196,614.0,1612984945.0,100.0,1,1.0,0.25477178423236513
15021,172.16.1.52,172.16.1.196,860.0,1612984961.0,100.0,1,1.0,0.35684647302904565
15019,172.16.1.196,172.16.1.52,860.0,1612984961.0,100.0,1,1.0,0.35684647302904565
14986,172.16.1.52,172.16.1.196,665.0,1612984957.0,100.0,1,1.0,0.27593360995850624
14985,172.16.1.196,172.16.1.52,665.0,1612984957.0,100.0,1,1.0,0.27593360995850624
14958,172.16.1.52,172.16.1.196,694.0,1612984949.0,100.0,1,1.0,0.2879668049792531
14955,172.16.1.196,172.16.1.52,694.0,1612984949.0,100.0,1,1.0,0.2879668049792531
13765,172.16.1.52,172.16.1.196,601.0,1612984612.0,100.0,1,1.0,0.24937759336099585
13712,172.16.1.52,172.16.1.196,1446.0,1612984601.0,100.0,1,1.0,0.6
12599,172.16.1.196,172.16.1.52,646.0,1612984312.0,100.0,1,1.0,0.2680497925311203
12964,172.16.1.52,172.16.1.196,632.0,1612984413.0,100.0,1,1.0,0.26224066390041495
12953,172.16.1.52,172.16.1.196,638.0,1612984408.0,100.0,1,1.0,0.26473029045643154
12951,172.16.1.196,172.16.1.52,638.0,1612984408.0,100.0,1,1.0,0.26473029045643154
9369,172.16.1.196,172.16.1.52,689.0,1612983209.0,100.0,1,1.0,0.2858921161825726
9371,172.16.1.52,172.16.1.196,689.0,1612983209.0,100.0,1,1.0,0.2858921161825726
12921,172.16.1.52,172.16.1.196,636.0,1612984401.0,100.0,1,1.0,0.26390041493775934
12920,172.16.1.196,172.16.1.52,636.0,1612984401.0,100.0,1,1.0,0.26390041493775934
9388,172.16.1.196,172.16.1.52,619.0,1612983216.0,100.0,1,1.0,0.2568464730290456
9390,172.16.1.52,172.16.1.196,619.0,1612983216.0,100.0,1,1.0,0.2568464730290456
12882,172.16.1.52,172.16.1.196,631.0,1612984389.0,100.0,1,1.0,0.26182572614107885
12879,172.16.1.196,172.16.1.52,631.0,1612984389.0,100.0,1,1.0,0.26182572614107885
12871,172.16.1.52,172.16.1.196,631.0,1612984388.0,100.0,1,1.0,0.26182572614107885
12870,172.16.1.196,172.16.1.52,631.0,1612984388.0,100.0,1,1.0,0.26182572614107885
9420,172.16.1.196,172.16.1.52,859.0,1612983222.0,100.0,1,1.0,0.35643153526970955
9426,172.16.1.52,172.16.1.196,859.0,1612983222.0,100.0,1,1.0,0.35643153526970955
12843,172.16.1.52,172.16.1.196,448.0,1612984380.0,100.0,1,1.0,0.18589211618257262
12963,172.16.1.196,172.16.1.52,632.0,1612984413.0,100.0,1,1.0,0.26224066390041495
12973,172.16.1.196,172.16.1.52,463.0,1612984420.0,100.0,1,1.0,0.19211618257261412
13123,172.16.1.196,172.16.1.52,599.0,1612984449.0,100.0,1,1.0,0.24854771784232366
12975,172.16.1.52,172.16.1.196,463.0,1612984420.0,100.0,1,1.0,0.19211618257261412
9257,172.16.1.52,172.16.1.196,851.0,1612983161.0,100.0,1,1.0,0.35311203319502077
13079,172.16.1.52,172.16.1.196,644.0,1612984440.0,100.0,1,1.0,0.2672199170124481
13077,172.16.1.196,172.16.1.52,644.0,1612984440.0,100.0,1,1.0,0.2672199170124481
13065,172.16.1.52,172.16.1.196,618.0,1612984436.0,100.0,1,1.0,0.2564315352697095
13063,172.16.1.196,172.16.1.52,618.0,1612984436.0,100.0,1,1.0,0.2564315352697095
9277,172.16.1.196,172.16.1.52,595.0,1612983169.0,100.0,1,1.0,0.24688796680497926
13049,172.16.1.52,172.16.1.196,622.0,1612984428.0,100.0,1,1.0,0.25809128630705397
9279,172.16.1.52,172.16.1.196,595.0,1612983169.0,100.0,1,1.0,0.24688796680497926
13048,172.16.1.196,172.16.1.52,622.0,1612984428.0,100.0,1,1.0,0.25809128630705397
13016,172.16.1.52,172.16.1.196,632.0,1612984424.0,100.0,1,1.0,0.26224066390041495
13014,172.16.1.196,172.16.1.52,632.0,1612984424.0,100.0,1,1.0,0.26224066390041495
9317,172.16.1.196,172.16.1.52,660.0,1612983176.0,100.0,1,1.0,0.27385892116182575
9318,172.16.1.52,172.16.1.196,660.0,1612983176.0,100.0,1,1.0,0.27385892116182575
9334,172.16.1.196,172.16.1.52,703.0,1612983201.0,100.0,1,1.0,0.291701244813278
9336,172.16.1.52,172.16.1.196,702.0,1612983201.0,100.0,1,1.0,0.29128630705394193
12842,172.16.1.196,172.16.1.52,448.0,1612984380.0,100.0,1,1.0,0.18589211618257262
12835,172.16.1.52,172.16.1.196,653.0,1612984376.0,100.0,1,1.0,0.270954356846473
12833,172.16.1.196,172.16.1.52,653.0,1612984376.0,100.0,1,1.0,0.270954356846473
12820,172.16.1.52,172.16.1.196,644.0,1612984368.0,100.0,1,1.0,0.2672199170124481
12685,172.16.1.196,172.16.1.52,920.0,1612984340.0,100.0,1,1.0,0.3817427385892116
12680,172.16.1.52,172.16.1.196,1280.0,1612984337.0,100.0,1,1.0,0.5311203319502075
12679,172.16.1.196,172.16.1.52,1280.0,1612984337.0,100.0,1,1.0,0.5311203319502075
9602,172.16.1.196,172.16.1.52,431.0,1612983340.0,100.0,1,1.0,0.17883817427385892
9605,172.16.1.52,172.16.1.196,431.0,1612983340.0,100.0,1,1.0,0.17883817427385892
9612,172.16.1.196,172.16.1.52,632.0,1612983341.0,100.0,1,1.0,0.26224066390041495
9615,172.16.1.52,172.16.1.196,632.0,1612983341.0,100.0,1,1.0,0.26224066390041495
12652,172.16.1.52,172.16.1.196,1250.0,1612984328.0,100.0,1,1.0,0.5186721991701245
12651,172.16.1.196,172.16.1.52,1250.0,1612984328.0,100.0,1,1.0,0.5186721991701245
12637,172.16.1.52,172.16.1.196,1308.0,1612984325.0,100.0,1,1.0,0.5427385892116182
12635,172.16.1.196,172.16.1.52,1308.0,1612984325.0,100.0,1,1.0,0.5427385892116182
12626,172.16.1.52,172.16.1.196,830.0,1612984321.0,100.0,1,1.0,0.34439834024896265
12625,172.16.1.196,172.16.1.52,830.0,1612984321.0,100.0,1,1.0,0.34439834024896265
9652,172.16.1.196,172.16.1.52,606.0,1612983348.0,100.0,1,1.0,0.25145228215767634
9653,172.16.1.52,172.16.1.196,606.0,1612983348.0,100.0,1,1.0,0.25145228215767634
12686,172.16.1.52,172.16.1.196,920.0,1612984340.0,100.0,1,1.0,0.3817427385892116
9568,172.16.1.52,172.16.1.196,662.0,1612983329.0,100.0,1,1.0,0.27468879668049795
9566,172.16.1.196,172.16.1.52,662.0,1612983329.0,100.0,1,1.0,0.27468879668049795
9490,172.16.1.52,172.16.1.196,602.0,1612983236.0,100.0,1,1.0,0.24979253112033195
12819,172.16.1.196,172.16.1.52,644.0,1612984368.0,100.0,1,1.0,0.2672199170124481
9458,172.16.1.196,172.16.1.52,664.0,1612983229.0,100.0,1,1.0,0.27551867219917014
9460,172.16.1.52,172.16.1.196,664.0,1612983229.0,100.0,1,1.0,0.27551867219917014
12797,172.16.1.52,172.16.1.196,627.0,1612984364.0,100.0,1,1.0,0.26016597510373446
12790,172.16.1.196,172.16.1.52,627.0,1612984364.0,100.0,1,1.0,0.26016597510373446
9487,172.16.1.196,172.16.1.52,602.0,1612983236.0,100.0,1,1.0,0.24979253112033195
12736,172.16.1.52,172.16.1.196,698.0,1612984353.0,100.0,1,1.0,0.28962655601659754
9550,172.16.1.52,172.16.1.196,878.0,1612983325.0,100.0,1,1.0,0.3643153526970954
12734,172.16.1.196,172.16.1.52,698.0,1612984353.0,100.0,1,1.0,0.28962655601659754
9529,172.16.1.196,172.16.1.52,444.0,1612983320.0,100.0,1,1.0,0.18423236514522823
9530,172.16.1.52,172.16.1.196,444.0,1612983320.0,100.0,1,1.0,0.18423236514522823
12720,172.16.1.52,172.16.1.196,1266.0,1612984348.0,100.0,1,1.0,0.5253112033195021
12718,172.16.1.196,172.16.1.52,1266.0,1612984348.0,100.0,1,1.0,0.5253112033195021
9549,172.16.1.196,172.16.1.52,878.0,1612983325.0,100.0,1,1.0,0.3643153526970954
9255,172.16.1.196,172.16.1.52,851.0,1612983161.0,100.0,1,1.0,0.35311203319502077
13124,172.16.1.52,172.16.1.196,599.0,1612984449.0,100.0,1,1.0,0.24854771784232366
13708,172.16.1.196,172.16.1.52,1446.0,1612984601.0,100.0,1,1.0,0.6
8939,172.16.1.52,172.16.1.196,1224.0,1612983056.0,100.0,1,1.0,0.5078838174273859
13511,172.16.1.196,172.16.1.52,659.0,1612984549.0,100.0,1,1.0,0.27344398340248965
8957,172.16.1.196,172.16.1.52,742.0,1612983080.0,100.0,1,1.0,0.3078838174273859
13507,172.16.1.52,172.16.1.196,648.0,1612984548.0,100.0,1,1.0,0.2688796680497925
8959,172.16.1.52,172.16.1.196,741.0,1612983080.0,100.0,1,1.0,0.3074688796680498
13506,172.16.1.196,172.16.1.52,648.0,1612984548.0,100.0,1,1.0,0.2688796680497925
13459,172.16.1.52,172.16.1.196,418.0,1612984540.0,100.0,1,1.0,0.17344398340248962
13458,172.16.1.196,172.16.1.52,418.0,1612984540.0,100.0,1,1.0,0.17344398340248962
13452,172.16.1.52,172.16.1.196,635.0,1612984537.0,100.0,1,1.0,0.26348547717842324
13451,172.16.1.196,172.16.1.52,635.0,1612984537.0,100.0,1,1.0,0.26348547717842324
8997,172.16.1.196,172.16.1.52,669.0,1612983088.0,100.0,1,1.0,0.27759336099585064
8998,172.16.1.52,172.16.1.196,669.0,1612983088.0,100.0,1,1.0,0.27759336099585064
9005,172.16.1.196,172.16.1.52,609.0,1612983093.0,100.0,1,1.0,0.25269709543568464
9006,172.16.1.52,172.16.1.196,609.0,1612983093.0,100.0,1,1.0,0.25269709543568464
13420,172.16.1.52,172.16.1.196,653.0,1612984528.0,100.0,1,1.0,0.270954356846473
13418,172.16.1.196,172.16.1.52,653.0,1612984528.0,100.0,1,1.0,0.270954356846473
13513,172.16.1.52,172.16.1.196,659.0,1612984549.0,100.0,1,1.0,0.27344398340248965
8937,172.16.1.196,172.16.1.52,1224.0,1612983056.0,100.0,1,1.0,0.5078838174273859
9224,172.16.1.52,172.16.1.196,676.0,1612983157.0,100.0,1,1.0,0.2804979253112033
13547,172.16.1.196,172.16.1.52,870.0,1612984560.0,100.0,1,1.0,0.36099585062240663
8832,172.16.1.196,172.16.1.52,435.0,1612983033.0,100.0,1,1.0,0.18049792531120332
8834,172.16.1.52,172.16.1.196,435.0,1612983033.0,100.0,1,1.0,0.18049792531120332
13658,172.16.1.52,172.16.1.196,1278.0,1612984588.0,100.0,1,1.0,0.5302904564315353
13656,172.16.1.196,172.16.1.52,1278.0,1612984588.0,100.0,1,1.0,0.5302904564315353
8855,172.16.1.196,172.16.1.52,682.0,1612983041.0,100.0,1,1.0,0.2829875518672199
8856,172.16.1.52,172.16.1.196,682.0,1612983041.0,100.0,1,1.0,0.2829875518672199
13616,172.16.1.52,172.16.1.196,689.0,1612984577.0,100.0,1,1.0,0.2858921161825726
13614,172.16.1.196,172.16.1.52,689.0,1612984577.0,100.0,1,1.0,0.2858921161825726
8895,172.16.1.196,172.16.1.52,497.0,1612983044.0,100.0,1,1.0,0.20622406639004148
13606,172.16.1.52,172.16.1.196,653.0,1612984576.0,100.0,1,1.0,0.270954356846473
13603,172.16.1.196,172.16.1.52,653.0,1612984576.0,100.0,1,1.0,0.270954356846473
8899,172.16.1.52,172.16.1.196,497.0,1612983044.0,100.0,1,1.0,0.20622406639004148
13562,172.16.1.52,172.16.1.196,842.0,1612984562.0,100.0,1,1.0,0.34937759336099583
13561,172.16.1.196,172.16.1.52,842.0,1612984562.0,100.0,1,1.0,0.34937759336099583
13549,172.16.1.52,172.16.1.196,870.0,1612984560.0,100.0,1,1.0,0.36099585062240663
13411,172.16.1.52,172.16.1.196,618.0,1612984525.0,100.0,1,1.0,0.2564315352697095
13410,172.16.1.196,172.16.1.52,618.0,1612984525.0,100.0,1,1.0,0.2564315352697095
13396,172.16.1.52,172.16.1.196,452.0,1612984520.0,100.0,1,1.0,0.187551867219917
13395,172.16.1.196,172.16.1.52,452.0,1612984520.0,100.0,1,1.0,0.187551867219917
13224,172.16.1.52,172.16.1.196,653.0,1612984478.0,100.0,1,1.0,0.270954356846473
13220,172.16.1.196,172.16.1.52,653.0,1612984478.0,100.0,1,1.0,0.270954356846473
13213,172.16.1.52,172.16.1.196,681.0,1612984477.0,100.0,1,1.0,0.2825726141078838
13212,172.16.1.196,172.16.1.52,681.0,1612984477.0,100.0,1,1.0,0.2825726141078838
9182,172.16.1.196,172.16.1.52,849.0,1612983144.0,100.0,1,1.0,0.3522821576763486
9184,172.16.1.52,172.16.1.196,849.0,1612983144.0,100.0,1,1.0,0.3522821576763486
9187,172.16.1.196,172.16.1.52,598.0,1612983145.0,100.0,1,1.0,0.24813278008298756
9189,172.16.1.52,172.16.1.196,598.0,1612983145.0,100.0,1,1.0,0.24813278008298756
13180,172.16.1.52,172.16.1.196,571.0,1612984464.0,100.0,1,1.0,0.23692946058091285
13179,172.16.1.196,172.16.1.52,571.0,1612984464.0,100.0,1,1.0,0.23692946058091285
13166,172.16.1.52,172.16.1.196,889.0,1612984461.0,100.0,1,1.0,0.36887966804979255
13164,172.16.1.196,172.16.1.52,889.0,1612984461.0,100.0,1,1.0,0.36887966804979255
13143,172.16.1.52,172.16.1.196,695.0,1612984453.0,100.0,1,1.0,0.2883817427385892
13140,172.16.1.196,172.16.1.52,695.0,1612984453.0,100.0,1,1.0,0.2883817427385892
9223,172.16.1.196,172.16.1.52,676.0,1612983157.0,100.0,1,1.0,0.2804979253112033
862,172.16.1.52,50.245.225.205,416.0,1612980908.0,100.0,1,1.0,0.17261410788381742
863,50.245.225.205,172.16.1.52,416.0,1612980908.0,100.0,1,1.0,0.17261410788381742
9132,172.16.1.52,172.16.1.196,628.0,1612983120.0,100.0,1,1.0,0.26058091286307056
13349,172.16.1.52,172.16.1.196,598.0,1612984509.0,100.0,1,1.0,0.24813278008298756
13370,172.16.1.52,172.16.1.196,614.0,1612984512.0,100.0,1,1.0,0.25477178423236513
13367,172.16.1.196,172.16.1.52,614.0,1612984512.0,100.0,1,1.0,0.25477178423236513
9069,172.16.1.196,172.16.1.52,841.0,1612983104.0,100.0,1,1.0,0.34896265560165973
9072,172.16.1.52,172.16.1.196,841.0,1612983104.0,100.0,1,1.0,0.34896265560165973
9077,172.16.1.196,172.16.1.52,639.0,1612983108.0,100.0,1,1.0,0.26514522821576764
9078,172.16.1.52,172.16.1.196,639.0,1612983108.0,100.0,1,1.0,0.26514522821576764
13347,172.16.1.196,172.16.1.52,598.0,1612984509.0,100.0,1,1.0,0.24813278008298756
9131,172.16.1.196,172.16.1.52,628.0,1612983120.0,100.0,1,1.0,0.26058091286307056
13333,172.16.1.52,172.16.1.196,1030.0,1612984501.0,100.0,1,1.0,0.42738589211618255
13331,172.16.1.196,172.16.1.52,1030.0,1612984501.0,100.0,1,1.0,0.42738589211618255
13307,172.16.1.52,172.16.1.196,646.0,1612984489.0,100.0,1,1.0,0.2680497925311203
13302,172.16.1.196,172.16.1.52,646.0,1612984489.0,100.0,1,1.0,0.2680497925311203
13293,172.16.1.52,172.16.1.196,618.0,1612984488.0,100.0,1,1.0,0.2564315352697095
13291,172.16.1.196,172.16.1.52,618.0,1612984488.0,100.0,1,1.0,0.2564315352697095
15520,172.16.1.196,172.16.1.52,443.0,1612985100.0,100.0,1,1.0,0.18381742738589213
15523,172.16.1.52,172.16.1.196,443.0,1612985100.0,100.0,1,1.0,0.18381742738589213
15536,172.16.1.196,172.16.1.52,847.0,1612985102.0,100.0,1,1.0,0.3514522821576763
17884,172.16.1.196,172.16.1.52,1124.0,1612985781.0,100.0,1,1.0,0.46639004149377594
17875,172.16.1.196,172.16.1.52,800.0,1612985780.0,100.0,1,1.0,0.33195020746887965
17860,172.16.1.52,172.16.1.196,1204.0,1612985769.0,100.0,1,1.0,0.4995850622406639
17859,172.16.1.196,172.16.1.52,1204.0,1612985769.0,100.0,1,1.0,0.4995850622406639
17852,172.16.1.52,172.16.1.196,1156.0,1612985768.0,100.0,1,1.0,0.47966804979253114
17851,172.16.1.196,172.16.1.52,1156.0,1612985768.0,100.0,1,1.0,0.47966804979253114
17823,172.16.1.52,172.16.1.196,1282.0,1612985757.0,100.0,1,1.0,0.5319502074688797
17821,172.16.1.196,172.16.1.52,1282.0,1612985757.0,100.0,1,1.0,0.5319502074688797
17817,172.16.1.52,172.16.1.196,1282.0,1612985756.0,100.0,1,1.0,0.5319502074688797
17814,172.16.1.196,172.16.1.52,1282.0,1612985756.0,100.0,1,1.0,0.5319502074688797
17759,172.16.1.52,172.16.1.196,1562.0,1612985741.0,100.0,1,1.0,0.6481327800829876
17757,172.16.1.196,172.16.1.52,1562.0,1612985741.0,100.0,1,1.0,0.6481327800829876
17751,172.16.1.52,172.16.1.196,1564.0,1612985740.0,100.0,1,1.0,0.6489626556016598
17750,172.16.1.196,172.16.1.52,1564.0,1612985740.0,100.0,1,1.0,0.6489626556016598
17697,172.16.1.52,172.16.1.196,2410.0,1612985728.0,100.0,1,1.0,1.0
17696,172.16.1.196,172.16.1.52,2410.0,1612985728.0,100.0,1,1.0,1.0
17878,172.16.1.52,172.16.1.196,800.0,1612985780.0,100.0,1,1.0,0.33195020746887965
17886,172.16.1.52,172.16.1.196,1124.0,1612985781.0,100.0,1,1.0,0.46639004149377594
18106,172.16.1.52,172.16.1.196,1058.0,1612985832.0,100.0,1,1.0,0.43900414937759336
2396,172.16.1.52,50.245.225.205,441.0,1612981189.0,100.0,1,1.0,0.1829875518672199
18088,172.16.1.52,172.16.1.196,1234.0,1612985828.0,100.0,1,1.0,0.5120331950207468
18087,172.16.1.196,172.16.1.52,1234.0,1612985828.0,100.0,1,1.0,0.5120331950207468
18079,172.16.1.52,172.16.1.196,782.0,1612985825.0,100.0,1,1.0,0.3244813278008299
18076,172.16.1.196,172.16.1.52,782.0,1612985825.0,100.0,1,1.0,0.3244813278008299
18042,172.16.1.52,172.16.1.196,608.0,1612985816.0,100.0,1,1.0,0.25228215767634854
18041,172.16.1.196,172.16.1.52,608.0,1612985816.0,100.0,1,1.0,0.25228215767634854
18030,172.16.1.52,172.16.1.196,561.0,1612985812.0,100.0,1,1.0,0.23278008298755187
18027,172.16.1.196,172.16.1.52,561.0,1612985812.0,100.0,1,1.0,0.23278008298755187
17979,172.16.1.52,172.16.1.196,795.0,1612985800.0,100.0,1,1.0,0.32987551867219916
17978,172.16.1.196,172.16.1.52,795.0,1612985800.0,100.0,1,1.0,0.32987551867219916
17942,172.16.1.52,172.16.1.196,654.0,1612985793.0,100.0,1,1.0,0.2713692946058091
17940,172.16.1.196,172.16.1.52,654.0,1612985793.0,100.0,1,1.0,0.2713692946058091
2402,50.245.225.205,172.16.1.52,441.0,1612981189.0,100.0,1,1.0,0.1829875518672199
17933,172.16.1.52,172.16.1.196,1176.0,1612985788.0,100.0,1,1.0,0.4879668049792531
17932,172.16.1.196,172.16.1.52,1176.0,1612985788.0,100.0,1,1.0,0.4879668049792531
17651,172.16.1.52,172.16.1.196,1276.0,1612985717.0,100.0,1,1.0,0.5294605809128631
17650,172.16.1.196,172.16.1.52,1276.0,1612985717.0,100.0,1,1.0,0.5294605809128631
17644,172.16.1.52,172.16.1.196,1244.0,1612985716.0,100.0,1,1.0,0.5161825726141079
17643,172.16.1.196,172.16.1.52,1244.0,1612985716.0,100.0,1,1.0,0.5161825726141079
17423,172.16.1.52,172.16.1.196,1716.0,1612985661.0,100.0,1,1.0,0.7120331950207469
17421,172.16.1.196,172.16.1.52,1716.0,1612985661.0,100.0,1,1.0,0.7120331950207469
17405,172.16.1.52,172.16.1.196,1284.0,1612985656.0,100.0,1,1.0,0.5327800829875519
17404,172.16.1.196,172.16.1.52,1284.0,1612985656.0,100.0,1,1.0,0.5327800829875519
17373,172.16.1.52,172.16.1.196,1292.0,1612985649.0,100.0,1,1.0,0.5360995850622406
17370,172.16.1.196,172.16.1.52,1292.0,1612985649.0,100.0,1,1.0,0.5360995850622406
17349,172.16.1.52,172.16.1.196,1782.0,1612985640.0,100.0,1,1.0,0.7394190871369295
17346,172.16.1.196,172.16.1.52,1782.0,1612985640.0,100.0,1,1.0,0.7394190871369295
17326,172.16.1.52,172.16.1.196,1332.0,1612985636.0,100.0,1,1.0,0.5526970954356847
17323,172.16.1.196,172.16.1.52,1332.0,1612985636.0,100.0,1,1.0,0.5526970954356847
17300,172.16.1.52,172.16.1.196,1166.0,1612985628.0,100.0,1,1.0,0.4838174273858921
17299,172.16.1.196,172.16.1.52,1166.0,1612985628.0,100.0,1,1.0,0.4838174273858921
17287,172.16.1.52,172.16.1.196,1240.0,1612985624.0,100.0,1,1.0,0.5145228215767634
17285,172.16.1.196,172.16.1.52,1240.0,1612985624.0,100.0,1,1.0,0.5145228215767634
17271,172.16.1.52,172.16.1.196,866.0,1612985620.0,100.0,1,1.0,0.35933609958506224
2271,172.16.1.52,50.245.225.205,510.0,1612981169.0,100.0,1,1.0,0.21161825726141079
17449,172.16.1.196,172.16.1.52,1352.0,1612985668.0,100.0,1,1.0,0.5609958506224066
17450,172.16.1.52,172.16.1.196,1352.0,1612985668.0,100.0,1,1.0,0.5609958506224066
17574,172.16.1.52,172.16.1.196,604.0,1612985693.0,100.0,1,1.0,0.25062240663900415
17606,172.16.1.52,172.16.1.196,1200.0,1612985704.0,100.0,1,1.0,0.4979253112033195
17604,172.16.1.196,172.16.1.52,1200.0,1612985704.0,100.0,1,1.0,0.4979253112033195
17595,50.230.35.38,172.16.1.96,504.0,1612985701.0,100.0,1,1.0,0.2091286307053942
17594,172.16.1.96,50.230.35.38,504.0,1612985701.0,100.0,1,1.0,0.2091286307053942
17592,172.16.1.52,172.16.1.196,1634.0,1612985701.0,100.0,1,1.0,0.6780082987551868
17590,172.16.1.196,172.16.1.52,1634.0,1612985701.0,100.0,1,1.0,0.6780082987551868
17573,172.16.1.196,172.16.1.52,604.0,1612985693.0,100.0,1,1.0,0.25062240663900415
2274,50.245.225.205,172.16.1.52,510.0,1612981169.0,100.0,1,1.0,0.21161825726141079
17561,172.16.1.52,172.16.1.196,612.0,1612985689.0,100.0,1,1.0,0.25394190871369293
17560,172.16.1.196,172.16.1.52,612.0,1612985689.0,100.0,1,1.0,0.25394190871369293
17529,172.16.1.52,172.16.1.196,561.0,1612985680.0,100.0,1,1.0,0.23278008298755187
17527,172.16.1.196,172.16.1.52,561.0,1612985680.0,100.0,1,1.0,0.23278008298755187
17497,172.16.1.52,172.16.1.196,566.0,1612985676.0,100.0,1,1.0,0.23485477178423236
17496,172.16.1.196,172.16.1.52,566.0,1612985676.0,100.0,1,1.0,0.23485477178423236
18103,172.16.1.196,172.16.1.52,1058.0,1612985832.0,100.0,1,1.0,0.43900414937759336
18125,172.16.1.196,172.16.1.52,1230.0,1612985840.0,100.0,1,1.0,0.5103734439834025
15538,172.16.1.52,172.16.1.196,847.0,1612985102.0,100.0,1,1.0,0.3514522821576763
18830,172.16.1.52,172.16.1.196,620.0,1612986076.0,100.0,1,1.0,0.2572614107883817
18811,172.16.1.52,172.16.1.196,783.0,1612986065.0,100.0,1,1.0,0.324896265560166
18809,172.16.1.196,172.16.1.52,783.0,1612986065.0,100.0,1,1.0,0.324896265560166
18768,172.16.1.52,172.16.1.196,811.0,1612986060.0,100.0,1,1.0,0.3365145228215768
18767,172.16.1.196,172.16.1.52,811.0,1612986060.0,100.0,1,1.0,0.3365145228215768
18744,172.16.1.52,172.16.1.196,608.0,1612986052.0,100.0,1,1.0,0.25228215767634854
18740,172.16.1.196,172.16.1.52,608.0,1612986052.0,100.0,1,1.0,0.25228215767634854
18727,172.16.1.52,172.16.1.196,598.0,1612986048.0,100.0,1,1.0,0.24813278008298756
18726,172.16.1.196,172.16.1.52,598.0,1612986048.0,100.0,1,1.0,0.24813278008298756
18655,172.16.1.52,172.16.1.196,607.0,1612986036.0,100.0,1,1.0,0.25186721991701244
18654,172.16.1.196,172.16.1.52,607.0,1612986036.0,100.0,1,1.0,0.25186721991701244
18650,172.16.1.52,172.16.1.196,580.0,1612986033.0,100.0,1,1.0,0.24066390041493776
18647,172.16.1.196,172.16.1.52,580.0,1612986033.0,100.0,1,1.0,0.24066390041493776
18596,172.16.1.52,172.16.1.196,570.0,1612986024.0,100.0,1,1.0,0.23651452282157676
18592,172.16.1.196,172.16.1.52,570.0,1612986024.0,100.0,1,1.0,0.23651452282157676
18567,172.16.1.52,172.16.1.196,658.0,1612986021.0,100.0,1,1.0,0.2730290456431535
18829,172.16.1.196,172.16.1.52,620.0,1612986076.0,100.0,1,1.0,0.2572614107883817
18841,172.16.1.196,172.16.1.52,582.0,1612986081.0,100.0,1,1.0,0.24149377593360996
18126,172.16.1.52,172.16.1.196,1230.0,1612985840.0,100.0,1,1.0,0.5103734439834025
18842,172.16.1.52,172.16.1.196,582.0,1612986081.0,100.0,1,1.0,0.24149377593360996
19364,73.180.143.70,172.16.1.52,596.0,1612986168.0,100.0,1,1.0,0.24730290456431536
19361,172.16.1.52,73.180.143.70,596.0,1612986168.0,100.0,1,1.0,0.24730290456431536
19313,73.180.143.70,172.16.1.52,452.0,1612986160.0,100.0,1,1.0,0.187551867219917
19302,172.16.1.52,73.180.143.70,452.0,1612986160.0,100.0,1,1.0,0.187551867219917
19216,73.180.143.70,172.16.1.52,768.0,1612986148.0,100.0,1,1.0,0.31867219917012446
19214,172.16.1.52,73.180.143.70,768.0,1612986148.0,100.0,1,1.0,0.31867219917012446
19196,73.180.143.70,172.16.1.52,501.0,1612986141.0,100.0,1,1.0,0.2078838174273859
19192,172.16.1.52,73.180.143.70,501.0,1612986141.0,100.0,1,1.0,0.2078838174273859
19111,73.180.143.70,172.16.1.52,602.0,1612986128.0,100.0,1,1.0,0.24979253112033195
19107,172.16.1.52,73.180.143.70,602.0,1612986128.0,100.0,1,1.0,0.24979253112033195
18923,10.3.252.33,172.16.1.241,2034.0,1612986097.0,0.24582104228122034,1,1.0,0.8439834024896266
18910,172.16.1.52,172.16.1.196,460.0,1612986093.0,100.0,1,1.0,0.1908713692946058
18907,172.16.1.196,172.16.1.52,460.0,1612986093.0,100.0,1,1.0,0.1908713692946058
18886,172.16.1.52,172.16.1.196,461.0,1612986089.0,100.0,1,1.0,0.1912863070539419
18885,172.16.1.196,172.16.1.52,461.0,1612986089.0,100.0,1,1.0,0.1912863070539419
18564,172.16.1.196,172.16.1.52,658.0,1612986021.0,100.0,1,1.0,0.2730290456431535
18540,172.16.1.52,172.16.1.196,584.0,1612986013.0,100.0,1,1.0,0.24232365145228216
18539,172.16.1.196,172.16.1.52,584.0,1612986013.0,100.0,1,1.0,0.24232365145228216
18509,172.16.1.52,172.16.1.196,806.0,1612986005.0,100.0,1,1.0,0.33443983402489624
18336,172.16.1.196,172.16.1.52,580.0,1612985893.0,100.0,1,1.0,0.24066390041493776
18315,172.16.1.52,172.16.1.196,545.0,1612985888.0,100.0,1,1.0,0.22614107883817428
18314,172.16.1.196,172.16.1.52,545.0,1612985888.0,100.0,1,1.0,0.22614107883817428
18312,172.16.1.52,172.16.1.196,479.0,1612985882.0,100.0,1,1.0,0.1987551867219917
18310,172.16.1.196,172.16.1.52,479.0,1612985882.0,100.0,1,1.0,0.1987551867219917
18262,172.16.1.52,172.16.1.196,435.0,1612985870.0,100.0,1,1.0,0.18049792531120332
18260,172.16.1.196,172.16.1.52,435.0,1612985870.0,100.0,1,1.0,0.18049792531120332
18251,172.16.1.52,172.16.1.196,433.0,1612985868.0,100.0,1,1.0,0.17966804979253112
18250,172.16.1.196,172.16.1.52,433.0,1612985868.0,100.0,1,1.0,0.17966804979253112
18210,172.16.1.52,172.16.1.196,455.0,1612985858.0,100.0,1,1.0,0.1887966804979253
18207,172.16.1.196,172.16.1.52,455.0,1612985858.0,100.0,1,1.0,0.1887966804979253
18199,172.16.1.52,172.16.1.196,440.0,1612985856.0,100.0,1,1.0,0.1825726141078838
18198,172.16.1.196,172.16.1.52,440.0,1612985856.0,100.0,1,1.0,0.1825726141078838
18171,172.16.1.52,172.16.1.196,962.0,1612985845.0,100.0,1,1.0,0.3991701244813278
18165,172.16.1.196,172.16.1.52,962.0,1612985845.0,100.0,1,1.0,0.3991701244813278
18341,172.16.1.52,172.16.1.196,580.0,1612985893.0,100.0,1,1.0,0.24066390041493776
18357,172.16.1.196,172.16.1.52,426.0,1612985900.0,100.0,1,1.0,0.17676348547717843
18359,172.16.1.52,172.16.1.196,426.0,1612985900.0,100.0,1,1.0,0.17676348547717843
18472,172.16.1.196,172.16.1.52,885.0,1612985965.0,100.0,1,1.0,0.36721991701244816
18505,172.16.1.196,172.16.1.52,806.0,1612986005.0,100.0,1,1.0,0.33443983402489624
18495,172.16.1.52,172.16.1.196,612.0,1612986001.0,100.0,1,1.0,0.25394190871369293
18494,172.16.1.196,172.16.1.52,612.0,1612986001.0,100.0,1,1.0,0.25394190871369293
18480,172.16.1.52,172.16.1.196,661.0,1612985968.0,100.0,1,1.0,0.27427385892116185
18479,172.16.1.196,172.16.1.52,661.0,1612985968.0,100.0,1,1.0,0.27427385892116185
18475,172.16.1.52,172.16.1.196,885.0,1612985965.0,100.0,1,1.0,0.36721991701244816
18438,172.16.1.52,172.16.1.196,629.0,1612985953.0,100.0,1,1.0,0.26099585062240666
18389,172.16.1.196,172.16.1.52,419.0,1612985905.0,100.0,1,1.0,0.17385892116182572
18436,172.16.1.196,172.16.1.52,629.0,1612985953.0,100.0,1,1.0,0.26099585062240666
18416,172.16.1.52,172.16.1.196,631.0,1612985944.0,100.0,1,1.0,0.26182572614107885
18415,172.16.1.196,172.16.1.52,631.0,1612985944.0,100.0,1,1.0,0.26182572614107885
18398,172.16.1.52,172.16.1.196,643.0,1612985908.0,100.0,1,1.0,0.26680497925311203
18397,172.16.1.196,172.16.1.52,643.0,1612985908.0,100.0,1,1.0,0.26680497925311203
18393,172.16.1.52,172.16.1.196,419.0,1612985905.0,100.0,1,1.0,0.17385892116182572
17270,172.16.1.196,172.16.1.52,866.0,1612985620.0,100.0,1,1.0,0.35933609958506224
17244,172.16.1.52,172.16.1.196,1356.0,1612985614.0,100.0,1,1.0,0.562655601659751
17239,172.16.1.196,172.16.1.52,1356.0,1612985614.0,100.0,1,1.0,0.562655601659751
16196,172.16.1.52,172.16.1.196,619.0,1612985337.0,100.0,1,1.0,0.2568464730290456
16161,172.16.1.52,172.16.1.196,658.0,1612985328.0,100.0,1,1.0,0.2730290456431535
16159,172.16.1.196,172.16.1.52,658.0,1612985328.0,100.0,1,1.0,0.2730290456431535
16144,172.16.1.52,172.16.1.196,852.0,1612985321.0,100.0,1,1.0,0.35352697095435687
16142,172.16.1.196,172.16.1.52,852.0,1612985321.0,100.0,1,1.0,0.35352697095435687
16107,172.16.1.52,172.16.1.196,634.0,1612985316.0,100.0,1,1.0,0.26307053941908715
16106,172.16.1.196,172.16.1.52,634.0,1612985316.0,100.0,1,1.0,0.26307053941908715
16081,172.16.1.52,172.16.1.196,672.0,1612985308.0,100.0,1,1.0,0.27883817427385893
16078,172.16.1.196,172.16.1.52,672.0,1612985308.0,100.0,1,1.0,0.27883817427385893
16063,172.16.1.52,172.16.1.196,698.0,1612985304.0,100.0,1,1.0,0.28962655601659754
16062,172.16.1.196,172.16.1.52,698.0,1612985304.0,100.0,1,1.0,0.28962655601659754
16036,172.16.1.52,172.16.1.196,657.0,1612985296.0,100.0,1,1.0,0.2726141078838174
16034,172.16.1.196,172.16.1.52,657.0,1612985296.0,100.0,1,1.0,0.2726141078838174
16006,172.16.1.52,172.16.1.196,653.0,1612985292.0,100.0,1,1.0,0.270954356846473
16003,172.16.1.196,172.16.1.52,652.0,1612985292.0,100.0,1,1.0,0.2705394190871369
15974,172.16.1.52,172.16.1.196,643.0,1612985249.0,100.0,1,1.0,0.26680497925311203
16194,172.16.1.196,172.16.1.52,619.0,1612985337.0,100.0,1,1.0,0.2568464730290456
16202,172.16.1.196,172.16.1.52,427.0,1612985340.0,100.0,1,1.0,0.17717842323651453
17202,172.16.1.52,172.16.1.196,1330.0,1612985608.0,100.0,1,1.0,0.5518672199170125
16203,172.16.1.52,172.16.1.196,427.0,1612985340.0,100.0,1,1.0,0.17717842323651453
16399,172.16.1.196,172.16.1.52,1292.0,1612985396.0,100.0,1,1.0,0.5360995850622406
16375,172.16.1.52,172.16.1.196,1312.0,1612985389.0,100.0,1,1.0,0.5443983402489626
16374,172.16.1.196,172.16.1.52,1312.0,1612985389.0,100.0,1,1.0,0.5443983402489626
16370,172.16.1.52,172.16.1.196,872.0,1612985388.0,100.0,1,1.0,0.36182572614107883
16369,172.16.1.196,172.16.1.52,872.0,1612985388.0,100.0,1,1.0,0.36182572614107883
16318,172.16.1.52,172.16.1.196,1304.0,1612985377.0,100.0,1,1.0,0.5410788381742738
16316,172.16.1.196,172.16.1.52,1304.0,1612985377.0,100.0,1,1.0,0.5410788381742738
16311,172.16.1.52,172.16.1.196,1270.0,1612985376.0,100.0,1,1.0,0.5269709543568465
16310,172.16.1.196,172.16.1.52,1270.0,1612985376.0,100.0,1,1.0,0.5269709543568465
16263,172.16.1.52,172.16.1.196,897.0,1612985361.0,100.0,1,1.0,0.37219917012448134
16261,172.16.1.196,172.16.1.52,897.0,1612985361.0,100.0,1,1.0,0.37219917012448134
16257,172.16.1.52,172.16.1.196,891.0,1612985360.0,100.0,1,1.0,0.36970954356846475
16255,172.16.1.196,172.16.1.52,891.0,1612985360.0,100.0,1,1.0,0.36970954356846475
16224,172.16.1.52,172.16.1.196,1361.0,1612985349.0,100.0,1,1.0,0.5647302904564315
16222,172.16.1.196,172.16.1.52,1361.0,1612985349.0,100.0,1,1.0,0.5647302904564315
15972,172.16.1.196,172.16.1.52,643.0,1612985249.0,100.0,1,1.0,0.26680497925311203
15968,172.16.1.52,172.16.1.196,612.0,1612985248.0,100.0,1,1.0,0.25394190871369293
15967,172.16.1.196,172.16.1.52,612.0,1612985248.0,100.0,1,1.0,0.25394190871369293
15936,172.16.1.52,172.16.1.196,428.0,1612985241.0,100.0,1,1.0,0.17759336099585063
15710,172.16.1.196,172.16.1.52,882.0,1612985180.0,100.0,1,1.0,0.3659751037344398
15675,172.16.1.52,172.16.1.196,682.0,1612985168.0,100.0,1,1.0,0.2829875518672199
15674,172.16.1.196,172.16.1.52,682.0,1612985168.0,100.0,1,1.0,0.2829875518672199
15657,172.16.1.52,172.16.1.196,907.0,1612985164.0,100.0,1,1.0,0.3763485477178423
15652,172.16.1.196,172.16.1.52,907.0,1612985164.0,100.0,1,1.0,0.3763485477178423
15643,172.16.1.52,172.16.1.196,680.0,1612985129.0,100.0,1,1.0,0.2821576763485477
15641,172.16.1.196,172.16.1.52,680.0,1612985129.0,100.0,1,1.0,0.2821576763485477
15635,172.16.1.52,172.16.1.196,703.0,1612985128.0,100.0,1,1.0,0.291701244813278
15633,172.16.1.196,172.16.1.52,703.0,1612985128.0,100.0,1,1.0,0.291701244813278
15608,172.16.1.52,172.16.1.196,428.0,1612985121.0,100.0,1,1.0,0.17759336099585063
15607,172.16.1.196,172.16.1.52,428.0,1612985121.0,100.0,1,1.0,0.17759336099585063
15587,172.16.1.52,172.16.1.196,692.0,1612985117.0,100.0,1,1.0,0.2871369294605809
15586,172.16.1.196,172.16.1.52,692.0,1612985117.0,100.0,1,1.0,0.2871369294605809
15561,172.16.1.52,172.16.1.196,676.0,1612985109.0,100.0,1,1.0,0.2804979253112033
15560,172.16.1.196,172.16.1.52,676.0,1612985109.0,100.0,1,1.0,0.2804979253112033
15711,172.16.1.52,172.16.1.196,882.0,1612985180.0,100.0,1,1.0,0.3659751037344398
15725,172.16.1.196,172.16.1.52,659.0,1612985182.0,100.0,1,1.0,0.27344398340248965
15727,172.16.1.52,172.16.1.196,659.0,1612985182.0,100.0,1,1.0,0.27344398340248965
15878,172.16.1.196,172.16.1.52,1296.0,1612985220.0,100.0,1,1.0,0.537759336099585
15935,172.16.1.196,172.16.1.52,428.0,1612985241.0,100.0,1,1.0,0.17759336099585063
15929,172.16.1.52,172.16.1.196,651.0,1612985237.0,100.0,1,1.0,0.2701244813278008
15928,172.16.1.196,172.16.1.52,651.0,1612985237.0,100.0,1,1.0,0.2701244813278008
15907,172.16.1.52,172.16.1.196,604.0,1612985229.0,100.0,1,1.0,0.25062240663900415
15905,172.16.1.196,172.16.1.52,604.0,1612985229.0,100.0,1,1.0,0.25062240663900415
15881,172.16.1.52,172.16.1.196,1296.0,1612985220.0,100.0,1,1.0,0.537759336099585
15842,172.16.1.52,172.16.1.196,649.0,1612985208.0,100.0,1,1.0,0.2692946058091286
15759,172.16.1.196,172.16.1.52,636.0,1612985193.0,100.0,1,1.0,0.26390041493775934
15840,172.16.1.196,172.16.1.52,649.0,1612985208.0,100.0,1,1.0,0.2692946058091286
15825,172.16.1.52,172.16.1.196,833.0,1612985205.0,100.0,1,1.0,0.34564315352697095
15823,172.16.1.196,172.16.1.52,833.0,1612985205.0,100.0,1,1.0,0.34564315352697095
15768,172.16.1.52,172.16.1.196,644.0,1612985196.0,100.0,1,1.0,0.2672199170124481
15767,172.16.1.196,172.16.1.52,644.0,1612985196.0,100.0,1,1.0,0.2672199170124481
15761,172.16.1.52,172.16.1.196,636.0,1612985193.0,100.0,1,1.0,0.26390041493775934
16400,172.16.1.52,172.16.1.196,1292.0,1612985396.0,100.0,1,1.0,0.5360995850622406
16424,172.16.1.196,172.16.1.52,639.0,1612985401.0,100.0,1,1.0,0.26514522821576764
16428,172.16.1.52,172.16.1.196,639.0,1612985401.0,100.0,1,1.0,0.26514522821576764
16870,172.16.1.196,172.16.1.52,1866.0,1612985520.0,100.0,1,1.0,0.7742738589211619
17032,172.16.1.196,172.16.1.52,1226.0,1612985565.0,100.0,1,1.0,0.5087136929460581
17002,172.16.1.52,172.16.1.196,1232.0,1612985556.0,100.0,1,1.0,0.5112033195020746
17001,172.16.1.196,172.16.1.52,1232.0,1612985556.0,100.0,1,1.0,0.5112033195020746
16998,172.16.1.52,172.16.1.196,1322.0,1612985553.0,100.0,1,1.0,0.5485477178423237
16996,172.16.1.196,172.16.1.52,1322.0,1612985553.0,100.0,1,1.0,0.5485477178423237
2079,50.245.225.205,172.16.1.52,476.0,1612981124.0,100.0,1,1.0,0.1975103734439834
2076,172.16.1.52,50.245.225.205,476.0,1612981124.0,100.0,1,1.0,0.1975103734439834
16959,172.16.1.52,172.16.1.196,816.0,1612985545.0,100.0,1,1.0,0.3385892116182573
16958,172.16.1.196,172.16.1.52,816.0,1612985545.0,100.0,1,1.0,0.3385892116182573
16953,172.16.1.52,172.16.1.196,1284.0,1612985544.0,100.0,1,1.0,0.5327800829875519
16952,172.16.1.196,172.16.1.52,1284.0,1612985544.0,100.0,1,1.0,0.5327800829875519
16907,172.16.1.52,172.16.1.196,1220.0,1612985532.0,100.0,1,1.0,0.5062240663900415
16906,172.16.1.196,172.16.1.52,1220.0,1612985532.0,100.0,1,1.0,0.5062240663900415
16903,172.16.1.52,172.16.1.196,1622.0,1612985528.0,100.0,1,1.0,0.6730290456431536
16901,172.16.1.196,172.16.1.52,1622.0,1612985528.0,100.0,1,1.0,0.6730290456431536
17034,172.16.1.52,172.16.1.196,1226.0,1612985565.0,100.0,1,1.0,0.5087136929460581
17048,172.16.1.196,172.16.1.52,1280.0,1612985568.0,100.0,1,1.0,0.5311203319502075
17049,172.16.1.52,172.16.1.196,1280.0,1612985568.0,100.0,1,1.0,0.5311203319502075
17142,172.16.1.196,172.16.1.52,1324.0,1612985596.0,100.0,1,1.0,0.5493775933609959
2184,50.245.225.205,172.16.1.52,470.0,1612981148.0,100.0,1,1.0,0.1950207468879668
17201,172.16.1.196,172.16.1.52,1330.0,1612985608.0,100.0,1,1.0,0.5518672199170125
2181,172.16.1.52,50.245.225.205,470.0,1612981148.0,100.0,1,1.0,0.1950207468879668
17159,172.16.1.52,172.16.1.196,1292.0,1612985600.0,100.0,1,1.0,0.5360995850622406
17157,172.16.1.196,172.16.1.52,1292.0,1612985600.0,100.0,1,1.0,0.5360995850622406
17143,172.16.1.52,172.16.1.196,1324.0,1612985596.0,100.0,1,1.0,0.5493775933609959
2145,50.245.225.205,172.16.1.52,463.0,1612981136.0,100.0,1,1.0,0.19211618257261412
17091,172.16.1.196,172.16.1.52,1240.0,1612985576.0,100.0,1,1.0,0.5145228215767634
17125,172.16.1.52,172.16.1.196,1302.0,1612985588.0,100.0,1,1.0,0.5402489626556016
17124,172.16.1.196,172.16.1.52,1302.0,1612985588.0,100.0,1,1.0,0.5402489626556016
2139,172.16.1.52,50.245.225.205,463.0,1612981136.0,100.0,1,1.0,0.19211618257261412
17109,172.16.1.52,172.16.1.196,1746.0,1612985581.0,100.0,1,1.0,0.7244813278008299
17107,172.16.1.196,172.16.1.52,1746.0,1612985581.0,100.0,1,1.0,0.7244813278008299
17094,172.16.1.52,172.16.1.196,1240.0,1612985576.0,100.0,1,1.0,0.5145228215767634
16871,172.16.1.52,172.16.1.196,1866.0,1612985520.0,100.0,1,1.0,0.7742738589211619
16864,172.16.1.52,172.16.1.196,616.0,1612985517.0,100.0,1,1.0,0.2556016597510373
16442,172.16.1.196,172.16.1.52,627.0,1612985408.0,100.0,1,1.0,0.26016597510373446
16862,172.16.1.196,172.16.1.52,616.0,1612985517.0,100.0,1,1.0,0.2556016597510373
16647,172.16.1.52,172.16.1.196,1508.0,1612985461.0,100.0,1,1.0,0.6257261410788382
16646,172.16.1.196,172.16.1.52,1508.0,1612985461.0,100.0,1,1.0,0.6257261410788382
16605,172.16.1.52,172.16.1.196,1270.0,1612985448.0,100.0,1,1.0,0.5269709543568465
16604,172.16.1.196,172.16.1.52,1270.0,1612985448.0,100.0,1,1.0,0.5269709543568465
16561,172.16.1.52,172.16.1.196,666.0,1612985437.0,100.0,1,1.0,0.27634854771784234
16560,172.16.1.196,172.16.1.52,666.0,1612985437.0,100.0,1,1.0,0.27634854771784234
16556,172.16.1.52,172.16.1.196,634.0,1612985436.0,100.0,1,1.0,0.26307053941908715
16555,172.16.1.196,172.16.1.52,634.0,1612985436.0,100.0,1,1.0,0.26307053941908715
16510,172.16.1.52,172.16.1.196,663.0,1612985425.0,100.0,1,1.0,0.27510373443983405
16508,172.16.1.196,172.16.1.52,663.0,1612985425.0,100.0,1,1.0,0.27510373443983405
16490,172.16.1.52,172.16.1.196,835.0,1612985420.0,100.0,1,1.0,0.34647302904564314
16489,172.16.1.196,172.16.1.52,835.0,1612985420.0,100.0,1,1.0,0.34647302904564314
16469,172.16.1.52,172.16.1.196,632.0,1612985413.0,100.0,1,1.0,0.26224066390041495
16467,172.16.1.196,172.16.1.52,632.0,1612985413.0,100.0,1,1.0,0.26224066390041495
16444,172.16.1.52,172.16.1.196,627.0,1612985408.0,100.0,1,1.0,0.26016597510373446
16660,172.16.1.196,172.16.1.52,663.0,1612985469.0,100.0,1,1.0,0.27510373443983405
16661,172.16.1.52,172.16.1.196,663.0,1612985469.0,100.0,1,1.0,0.27510373443983405
16682,172.16.1.196,172.16.1.52,642.0,1612985474.0,100.0,1,1.0,0.26639004149377593
16755,172.16.1.52,172.16.1.196,628.0,1612985493.0,100.0,1,1.0,0.26058091286307056
16828,172.16.1.52,172.16.1.196,618.0,1612985508.0,100.0,1,1.0,0.2564315352697095
16827,172.16.1.196,172.16.1.52,618.0,1612985508.0,100.0,1,1.0,0.2564315352697095
16818,172.16.1.52,172.16.1.196,629.0,1612985505.0,100.0,1,1.0,0.26099585062240666
16817,172.16.1.196,172.16.1.52,629.0,1612985505.0,100.0,1,1.0,0.26099585062240666
16758,172.16.1.52,172.16.1.196,631.0,1612985496.0,100.0,1,1.0,0.26182572614107885
16757,172.16.1.196,172.16.1.52,631.0,1612985496.0,100.0,1,1.0,0.26182572614107885
16753,172.16.1.196,172.16.1.52,628.0,1612985493.0,100.0,1,1.0,0.26058091286307056
16684,172.16.1.52,172.16.1.196,642.0,1612985474.0,100.0,1,1.0,0.26639004149377593
1996,50.245.225.205,172.16.1.52,423.0,1612981113.0,100.0,1,1.0,0.1755186721991701
1995,172.16.1.52,50.245.225.205,423.0,1612981113.0,100.0,1,1.0,0.1755186721991701
16726,172.16.1.52,172.16.1.196,900.0,1612985485.0,100.0,1,1.0,0.37344398340248963
16725,172.16.1.196,172.16.1.52,900.0,1612985485.0,100.0,1,1.0,0.37344398340248963
16712,172.16.1.52,172.16.1.196,1582.0,1612985481.0,100.0,1,1.0,0.6564315352697095
16710,172.16.1.196,172.16.1.52,1582.0,1612985481.0,100.0,1,1.0,0.6564315352697095
12600,172.16.1.52,172.16.1.196,646.0,1612984312.0,100.0,1,1.0,0.2680497925311203
15386,172.16.1.196,172.16.1.52,656.0,1612985065.0,100.0,1,1.0,0.2721991701244813
12098,172.16.1.52,172.16.1.196,841.0,1612984165.0,100.0,1,1.0,0.34896265560165973
10776,172.16.1.196,172.16.1.52,473.0,1612983800.0,100.0,1,1.0,0.1962655601659751
12103,172.16.1.196,172.16.1.52,623.0,1612984168.0,100.0,1,1.0,0.25850622406639007
12107,172.16.1.52,172.16.1.196,623.0,1612984168.0,100.0,1,1.0,0.25850622406639007
11160,172.16.1.52,172.16.1.196,645.0,1612983888.0,100.0,1,1.0,0.2676348547717842
11159,172.16.1.196,172.16.1.52,645.0,1612983888.0,100.0,1,1.0,0.2676348547717842
10749,172.16.1.196,172.16.1.52,672.0,1612983789.0,100.0,1,1.0,0.27883817427385893
10753,172.16.1.52,172.16.1.196,672.0,1612983789.0,100.0,1,1.0,0.27883817427385893
11148,172.16.1.52,172.16.1.196,634.0,1612983884.0,100.0,1,1.0,0.26307053941908715
11146,172.16.1.196,172.16.1.52,634.0,1612983884.0,100.0,1,1.0,0.26307053941908715
12141,172.16.1.196,172.16.1.52,1046.0,1612984180.0,100.0,1,1.0,0.4340248962655602
12142,172.16.1.52,172.16.1.196,1046.0,1612984180.0,100.0,1,1.0,0.4340248962655602
10777,172.16.1.52,172.16.1.196,473.0,1612983800.0,100.0,1,1.0,0.1962655601659751
10065,172.16.1.196,172.16.1.52,499.0,1612983588.0,100.0,1,1.0,0.2070539419087137
10785,172.16.1.196,172.16.1.52,639.0,1612983801.0,100.0,1,1.0,0.26514522821576764
10786,172.16.1.52,172.16.1.196,639.0,1612983801.0,100.0,1,1.0,0.26514522821576764
11102,172.16.1.52,172.16.1.196,460.0,1612983880.0,100.0,1,1.0,0.1908713692946058
11101,172.16.1.196,172.16.1.52,460.0,1612983880.0,100.0,1,1.0,0.1908713692946058
11086,172.16.1.52,172.16.1.196,646.0,1612983873.0,100.0,1,1.0,0.2680497925311203
11085,172.16.1.196,172.16.1.52,646.0,1612983873.0,100.0,1,1.0,0.2680497925311203
11075,172.16.1.52,172.16.1.196,631.0,1612983869.0,100.0,1,1.0,0.26182572614107885
11073,172.16.1.196,172.16.1.52,631.0,1612983869.0,100.0,1,1.0,0.26182572614107885
10010,172.16.1.52,172.16.1.196,631.0,1612983577.0,100.0,1,1.0,0.26182572614107885
10008,172.16.1.196,172.16.1.52,631.0,1612983577.0,100.0,1,1.0,0.26182572614107885
12096,172.16.1.196,172.16.1.52,841.0,1612984165.0,100.0,1,1.0,0.34896265560165973
10067,172.16.1.52,172.16.1.196,499.0,1612983588.0,100.0,1,1.0,0.2070539419087137
10817,172.16.1.196,172.16.1.52,617.0,1612983808.0,100.0,1,1.0,0.2560165975103734
12045,172.16.1.52,172.16.1.196,634.0,1612984152.0,100.0,1,1.0,0.26307053941908715
10113,172.16.1.196,172.16.1.52,804.0,1612983600.0,100.0,1,1.0,0.33360995850622405
11225,172.16.1.52,172.16.1.196,584.0,1612983909.0,100.0,1,1.0,0.24232365145228216
12030,172.16.1.196,172.16.1.52,624.0,1612984149.0,100.0,1,1.0,0.25892116182572616
11223,172.16.1.196,172.16.1.52,584.0,1612983909.0,100.0,1,1.0,0.24232365145228216
10697,172.16.1.196,172.16.1.52,523.0,1612983774.0,100.0,1,1.0,0.2170124481327801
12032,172.16.1.52,172.16.1.196,624.0,1612984149.0,100.0,1,1.0,0.25892116182572616
11217,172.16.1.52,172.16.1.196,632.0,1612983908.0,100.0,1,1.0,0.26224066390041495
10701,172.16.1.52,172.16.1.196,523.0,1612983774.0,100.0,1,1.0,0.2170124481327801
11216,172.16.1.196,172.16.1.52,632.0,1612983908.0,100.0,1,1.0,0.26224066390041495
12044,172.16.1.196,172.16.1.52,634.0,1612984152.0,100.0,1,1.0,0.26307053941908715
11204,172.16.1.52,172.16.1.196,443.0,1612983900.0,100.0,1,1.0,0.18381742738589213
10071,172.16.1.196,172.16.1.52,540.0,1612983589.0,100.0,1,1.0,0.22406639004149378
11203,172.16.1.196,172.16.1.52,443.0,1612983900.0,100.0,1,1.0,0.18381742738589213
11197,172.16.1.52,172.16.1.196,652.0,1612983896.0,100.0,1,1.0,0.2705394190871369
10718,172.16.1.196,172.16.1.52,595.0,1612983777.0,100.0,1,1.0,0.24688796680497926
10719,172.16.1.52,172.16.1.196,595.0,1612983777.0,100.0,1,1.0,0.24688796680497926
11192,172.16.1.196,172.16.1.52,652.0,1612983896.0,100.0,1,1.0,0.2705394190871369
12063,172.16.1.196,172.16.1.52,442.0,1612984160.0,100.0,1,1.0,0.183402489626556
12067,172.16.1.52,172.16.1.196,442.0,1612984160.0,100.0,1,1.0,0.183402489626556
10728,172.16.1.196,172.16.1.52,866.0,1612983784.0,100.0,1,1.0,0.35933609958506224
10729,172.16.1.52,172.16.1.196,866.0,1612983784.0,100.0,1,1.0,0.35933609958506224
10073,172.16.1.52,172.16.1.196,540.0,1612983589.0,100.0,1,1.0,0.22406639004149378
11051,172.16.1.52,172.16.1.196,608.0,1612983862.0,100.0,1,1.0,0.25228215767634854
12193,172.16.1.196,172.16.1.52,621.0,1612984188.0,100.0,1,1.0,0.2576763485477178
12010,172.16.1.52,172.16.1.196,591.0,1612984143.0,100.0,1,1.0,0.24522821576763484
9840,172.16.1.196,172.16.1.52,637.0,1612983404.0,100.0,1,1.0,0.26431535269709544
10984,172.16.1.196,172.16.1.52,595.0,1612983848.0,100.0,1,1.0,0.24688796680497926
12314,172.16.1.196,172.16.1.52,878.0,1612984221.0,100.0,1,1.0,0.3643153526970954
12315,172.16.1.52,172.16.1.196,878.0,1612984221.0,100.0,1,1.0,0.3643153526970954
9887,172.16.1.52,172.16.1.196,639.0,1612983416.0,100.0,1,1.0,0.26514522821576764
9886,172.16.1.196,172.16.1.52,639.0,1612983416.0,100.0,1,1.0,0.26514522821576764
9869,172.16.1.52,172.16.1.196,649.0,1612983412.0,100.0,1,1.0,0.2692946058091286
9866,172.16.1.196,172.16.1.52,649.0,1612983412.0,100.0,1,1.0,0.2692946058091286
12344,172.16.1.196,172.16.1.52,1238.0,1612984228.0,100.0,1,1.0,0.5136929460580912
12349,172.16.1.52,172.16.1.196,1238.0,1612984228.0,100.0,1,1.0,0.5136929460580912
9841,172.16.1.52,172.16.1.196,637.0,1612983404.0,100.0,1,1.0,0.26431535269709544
12355,172.16.1.196,172.16.1.52,1342.0,1612984229.0,100.0,1,1.0,0.5568464730290457
12297,172.16.1.196,172.16.1.52,1220.0,1612984216.0,100.0,1,1.0,0.5062240663900415
12357,172.16.1.52,172.16.1.196,1342.0,1612984229.0,100.0,1,1.0,0.5568464730290457
12364,172.16.1.196,172.16.1.52,584.0,1612984248.0,100.0,1,1.0,0.24232365145228216
12367,172.16.1.52,172.16.1.196,583.0,1612984248.0,100.0,1,1.0,0.24190871369294606
12390,172.16.1.196,172.16.1.52,594.0,1612984256.0,100.0,1,1.0,0.24647302904564317
12391,172.16.1.52,172.16.1.196,594.0,1612984256.0,100.0,1,1.0,0.24647302904564317
10951,172.16.1.52,172.16.1.196,603.0,1612983838.0,100.0,1,1.0,0.25020746887966805
12405,172.16.1.196,172.16.1.52,426.0,1612984261.0,100.0,1,1.0,0.17676348547717843
10949,172.16.1.196,172.16.1.52,603.0,1612983838.0,100.0,1,1.0,0.25020746887966805
9801,172.16.1.52,172.16.1.196,636.0,1612983401.0,100.0,1,1.0,0.26390041493775934
10948,10.3.252.33,172.16.1.196,1010.0,1612983838.0,0.0,1,1.0,0.4190871369294606
12299,172.16.1.52,172.16.1.196,1220.0,1612984216.0,100.0,1,1.0,0.5062240663900415
10985,172.16.1.52,172.16.1.196,595.0,1612983848.0,100.0,1,1.0,0.24688796680497926
12195,172.16.1.52,172.16.1.196,621.0,1612984188.0,100.0,1,1.0,0.2576763485477178
12258,172.16.1.196,172.16.1.52,1294.0,1612984205.0,100.0,1,1.0,0.5369294605809128
10818,172.16.1.52,172.16.1.196,617.0,1612983808.0,100.0,1,1.0,0.2560165975103734
12204,172.16.1.196,172.16.1.52,629.0,1612984193.0,100.0,1,1.0,0.26099585062240666
12208,172.16.1.52,172.16.1.196,629.0,1612984193.0,100.0,1,1.0,0.26099585062240666
11046,172.16.1.196,172.16.1.52,608.0,1612983862.0,100.0,1,1.0,0.25228215767634854
12243,172.16.1.196,172.16.1.52,461.0,1612984200.0,100.0,1,1.0,0.1912863070539419
12245,172.16.1.52,172.16.1.196,461.0,1612984200.0,100.0,1,1.0,0.1912863070539419
9970,172.16.1.52,172.16.1.196,673.0,1612983568.0,100.0,1,1.0,0.27925311203319503
10832,172.16.1.196,172.16.1.52,614.0,1612983813.0,100.0,1,1.0,0.25477178423236513
9968,172.16.1.196,172.16.1.52,673.0,1612983568.0,100.0,1,1.0,0.27925311203319503
10834,172.16.1.52,172.16.1.196,614.0,1612983813.0,100.0,1,1.0,0.25477178423236513
10999,172.16.1.52,172.16.1.196,598.0,1612983849.0,100.0,1,1.0,0.24813278008298756
9923,172.16.1.196,172.16.1.52,693.0,1612983473.0,100.0,1,1.0,0.287551867219917
12259,172.16.1.52,172.16.1.196,1294.0,1612984205.0,100.0,1,1.0,0.5369294605809128
10998,172.16.1.196,172.16.1.52,598.0,1612983849.0,100.0,1,1.0,0.24813278008298756
12266,172.16.1.196,172.16.1.52,1210.0,1612984208.0,100.0,1,1.0,0.5020746887966805
12267,172.16.1.52,172.16.1.196,1210.0,1612984208.0,100.0,1,1.0,0.5020746887966805
9948,172.16.1.52,172.16.1.196,784.0,1612983561.0,100.0,1,1.0,0.3253112033195021
9946,172.16.1.196,172.16.1.52,783.0,1612983561.0,100.0,1,1.0,0.324896265560166
9933,172.16.1.52,172.16.1.196,631.0,1612983493.0,100.0,1,1.0,0.26182572614107885
9931,172.16.1.196,172.16.1.52,631.0,1612983493.0,100.0,1,1.0,0.26182572614107885
9925,172.16.1.52,172.16.1.196,693.0,1612983473.0,100.0,1,1.0,0.287551867219917
10991,10.3.252.33,172.16.1.196,793.0,1612983849.0,0.12610340479192955,1,1.0,0.32904564315352697
10114,172.16.1.52,172.16.1.196,804.0,1612983600.0,100.0,1,1.0,0.33360995850622405
11259,172.16.1.196,172.16.1.52,607.0,1612983920.0,100.0,1,1.0,0.25186721991701244
12407,172.16.1.52,172.16.1.196,425.0,1612984261.0,100.0,1,1.0,0.17634854771784234
11482,172.16.1.196,172.16.1.52,450.0,1612983981.0,100.0,1,1.0,0.18672199170124482
11746,172.16.1.52,172.16.1.196,625.0,1612984073.0,100.0,1,1.0,0.25933609958506226
11764,172.16.1.196,172.16.1.52,825.0,1612984076.0,100.0,1,1.0,0.34232365145228216
11765,172.16.1.52,172.16.1.196,825.0,1612984076.0,100.0,1,1.0,0.34232365145228216
11507,172.16.1.52,172.16.1.196,629.0,1612983988.0,100.0,1,1.0,0.26099585062240666
11506,172.16.1.196,172.16.1.52,629.0,1612983988.0,100.0,1,1.0,0.26099585062240666
11789,172.16.1.196,172.16.1.52,850.0,1612984085.0,100.0,1,1.0,0.35269709543568467
11792,172.16.1.52,172.16.1.196,850.0,1612984085.0,100.0,1,1.0,0.35269709543568467
10267,172.16.1.52,172.16.1.196,814.0,1612983641.0,100.0,1,1.0,0.3377593360995851
10265,172.16.1.196,172.16.1.52,814.0,1612983641.0,100.0,1,1.0,0.3377593360995851
11483,172.16.1.52,172.16.1.196,450.0,1612983981.0,100.0,1,1.0,0.18672199170124482
11470,172.16.1.52,172.16.1.196,657.0,1612983976.0,100.0,1,1.0,0.2726141078838174
10318,172.16.1.196,172.16.1.52,615.0,1612983648.0,100.0,1,1.0,0.2551867219917012
11468,172.16.1.196,172.16.1.52,657.0,1612983976.0,100.0,1,1.0,0.2726141078838174
11810,172.16.1.196,172.16.1.52,668.0,1612984093.0,100.0,1,1.0,0.27717842323651454
11451,172.16.1.52,172.16.1.196,628.0,1612983968.0,100.0,1,1.0,0.26058091286307056
11813,172.16.1.52,172.16.1.196,668.0,1612984093.0,100.0,1,1.0,0.27717842323651454
11449,172.16.1.196,172.16.1.52,628.0,1612983968.0,100.0,1,1.0,0.26058091286307056
11434,172.16.1.52,172.16.1.196,797.0,1612983961.0,100.0,1,1.0,0.33070539419087136
11432,172.16.1.196,172.16.1.52,797.0,1612983961.0,100.0,1,1.0,0.33070539419087136
10528,172.16.1.196,172.16.1.52,828.0,1612983706.0,100.0,1,1.0,0.34356846473029046
10530,172.16.1.52,172.16.1.196,828.0,1612983706.0,100.0,1,1.0,0.34356846473029046
10532,172.16.1.196,172.16.1.52,628.0,1612983708.0,100.0,1,1.0,0.26058091286307056
11744,172.16.1.196,172.16.1.52,625.0,1612984073.0,100.0,1,1.0,0.25933609958506226
10319,172.16.1.52,172.16.1.196,615.0,1612983648.0,100.0,1,1.0,0.2551867219917012
11833,172.16.1.196,172.16.1.52,891.0,1612984101.0,100.0,1,1.0,0.36970954356846475
11578,172.16.1.196,172.16.1.52,849.0,1612984002.0,100.0,1,1.0,0.3522821576763486
11641,172.16.1.196,172.16.1.52,612.0,1612984017.0,100.0,1,1.0,0.25394190871369293
11643,172.16.1.52,172.16.1.196,612.0,1612984017.0,100.0,1,1.0,0.25394190871369293
11617,172.16.1.196,172.16.1.52,651.0,1612984008.0,100.0,1,1.0,0.2701244813278008
10397,172.16.1.196,172.16.1.52,417.0,1612983680.0,100.0,1,1.0,0.17302904564315352
10398,172.16.1.52,172.16.1.196,417.0,1612983680.0,100.0,1,1.0,0.17302904564315352
10403,172.16.1.196,172.16.1.52,623.0,1612983681.0,100.0,1,1.0,0.25850622406639007
10405,172.16.1.52,172.16.1.196,623.0,1612983681.0,100.0,1,1.0,0.25850622406639007
11588,172.16.1.52,172.16.1.196,849.0,1612984002.0,100.0,1,1.0,0.3522821576763486
10362,172.16.1.52,172.16.1.196,467.0,1612983660.0,100.0,1,1.0,0.1937759336099585
10361,172.16.1.196,172.16.1.52,467.0,1612983660.0,100.0,1,1.0,0.1937759336099585
10434,172.16.1.196,172.16.1.52,651.0,1612983689.0,100.0,1,1.0,0.2701244813278008
11522,172.16.1.196,172.16.1.52,639.0,1612983989.0,100.0,1,1.0,0.26514522821576764
10355,172.16.1.52,172.16.1.196,612.0,1612983657.0,100.0,1,1.0,0.25394190871369293
10353,172.16.1.196,172.16.1.52,612.0,1612983657.0,100.0,1,1.0,0.25394190871369293
10436,172.16.1.52,172.16.1.196,651.0,1612983689.0,100.0,1,1.0,0.2701244813278008
11678,172.16.1.196,172.16.1.52,1468.0,1612984060.0,100.0,1,1.0,0.6091286307053941
11680,172.16.1.52,172.16.1.196,1468.0,1612984060.0,100.0,1,1.0,0.6091286307053941
11555,172.16.1.52,172.16.1.196,426.0,1612984000.0,100.0,1,1.0,0.17676348547717843
11554,172.16.1.196,172.16.1.52,426.0,1612984000.0,100.0,1,1.0,0.17676348547717843
10449,172.16.1.196,172.16.1.52,643.0,1612983693.0,100.0,1,1.0,0.26680497925311203
10452,172.16.1.52,172.16.1.196,643.0,1612983693.0,100.0,1,1.0,0.26680497925311203
11524,172.16.1.52,172.16.1.196,639.0,1612983989.0,100.0,1,1.0,0.26514522821576764
10533,172.16.1.52,172.16.1.196,628.0,1612983708.0,100.0,1,1.0,0.26058091286307056
11835,172.16.1.52,172.16.1.196,891.0,1612984101.0,100.0,1,1.0,0.36970954356846475
11260,172.16.1.52,172.16.1.196,607.0,1612983920.0,100.0,1,1.0,0.25186721991701244
11955,172.16.1.196,172.16.1.52,589.0,1612984129.0,100.0,1,1.0,0.24439834024896265
10617,172.16.1.52,172.16.1.196,441.0,1612983740.0,100.0,1,1.0,0.1829875518672199
10178,172.16.1.52,172.16.1.196,637.0,1612983617.0,100.0,1,1.0,0.26431535269709544
10174,172.16.1.196,172.16.1.52,637.0,1612983617.0,100.0,1,1.0,0.26431535269709544
10170,172.16.1.52,172.16.1.196,636.0,1612983616.0,100.0,1,1.0,0.26390041493775934
10169,172.16.1.196,172.16.1.52,636.0,1612983616.0,100.0,1,1.0,0.26390041493775934
11318,172.16.1.52,172.16.1.196,603.0,1612983932.0,100.0,1,1.0,0.25020746887966805
11316,172.16.1.196,172.16.1.52,603.0,1612983932.0,100.0,1,1.0,0.25020746887966805
11946,172.16.1.196,172.16.1.52,587.0,1612984128.0,100.0,1,1.0,0.24356846473029045
11947,172.16.1.52,172.16.1.196,587.0,1612984128.0,100.0,1,1.0,0.24356846473029045
10647,172.16.1.196,172.16.1.52,435.0,1612983745.0,100.0,1,1.0,0.18049792531120332
11957,172.16.1.52,172.16.1.196,589.0,1612984129.0,100.0,1,1.0,0.24439834024896265
11338,172.16.1.196,172.16.1.52,611.0,1612983938.0,100.0,1,1.0,0.25352697095435683
10649,172.16.1.52,172.16.1.196,435.0,1612983745.0,100.0,1,1.0,0.18049792531120332
11271,172.16.1.52,172.16.1.196,850.0,1612983921.0,100.0,1,1.0,0.35269709543568467
11269,172.16.1.196,172.16.1.52,850.0,1612983921.0,100.0,1,1.0,0.35269709543568467
12000,172.16.1.196,172.16.1.52,509.0,1612984141.0,100.0,1,1.0,0.2112033195020747
12001,172.16.1.52,172.16.1.196,509.0,1612984141.0,100.0,1,1.0,0.2112033195020747
10662,172.16.1.196,172.16.1.52,659.0,1612983748.0,100.0,1,1.0,0.27344398340248965
10664,172.16.1.52,172.16.1.196,659.0,1612983748.0,100.0,1,1.0,0.27344398340248965
10127,172.16.1.52,172.16.1.196,869.0,1612983601.0,100.0,1,1.0,0.36058091286307054
12007,172.16.1.196,172.16.1.52,591.0,1612984143.0,100.0,1,1.0,0.24522821576763484
10125,172.16.1.196,172.16.1.52,869.0,1612983601.0,100.0,1,1.0,0.36058091286307054
10616,172.16.1.196,172.16.1.52,441.0,1612983740.0,100.0,1,1.0,0.1829875518672199
11899,172.16.1.52,172.16.1.196,594.0,1612984118.0,100.0,1,1.0,0.24647302904564317
11844,172.16.1.196,172.16.1.52,688.0,1612984104.0,100.0,1,1.0,0.2854771784232365
10579,172.16.1.196,172.16.1.52,671.0,1612983728.0,100.0,1,1.0,0.27842323651452283
11422,172.16.1.52,172.16.1.196,617.0,1612983957.0,100.0,1,1.0,0.2560165975103734
11846,172.16.1.52,172.16.1.196,688.0,1612984104.0,100.0,1,1.0,0.2854771784232365
11421,172.16.1.196,172.16.1.52,617.0,1612983957.0,100.0,1,1.0,0.2560165975103734
10230,172.16.1.52,172.16.1.196,634.0,1612983629.0,100.0,1,1.0,0.26307053941908715
11398,172.16.1.52,172.16.1.196,638.0,1612983948.0,100.0,1,1.0,0.26473029045643154
11396,172.16.1.196,172.16.1.52,638.0,1612983948.0,100.0,1,1.0,0.26473029045643154
10558,172.16.1.196,172.16.1.52,746.0,1612983721.0,100.0,1,1.0,0.3095435684647303
10228,172.16.1.196,172.16.1.52,634.0,1612983629.0,100.0,1,1.0,0.26307053941908715
10559,172.16.1.52,172.16.1.196,745.0,1612983721.0,100.0,1,1.0,0.3091286307053942
11377,172.16.1.52,172.16.1.196,594.0,1612983944.0,100.0,1,1.0,0.24647302904564317
11373,172.16.1.196,172.16.1.52,594.0,1612983944.0,100.0,1,1.0,0.24647302904564317
11894,172.16.1.196,172.16.1.52,594.0,1612984118.0,100.0,1,1.0,0.24647302904564317
10581,172.16.1.52,172.16.1.196,671.0,1612983728.0,100.0,1,1.0,0.27842323651452283
10586,10.3.252.33,172.16.1.245,678.0,1612983729.0,100.0,1,1.0,0.2813278008298755
10221,172.16.1.52,172.16.1.196,613.0,1612983628.0,100.0,1,1.0,0.25435684647302903
10587,172.16.1.245,10.3.252.33,678.0,1612983729.0,100.0,1,1.0,0.2813278008298755
10220,172.16.1.196,172.16.1.52,613.0,1612983628.0,100.0,1,1.0,0.25435684647302903
11878,172.16.1.196,172.16.1.52,602.0,1612984116.0,100.0,1,1.0,0.24979253112033195
11880,172.16.1.52,172.16.1.196,602.0,1612984116.0,100.0,1,1.0,0.24979253112033195
10598,172.16.1.196,172.16.1.52,665.0,1612983733.0,100.0,1,1.0,0.27593360995850624
10601,172.16.1.52,172.16.1.196,665.0,1612983733.0,100.0,1,1.0,0.27593360995850624
11340,172.16.1.52,172.16.1.196,611.0,1612983938.0,100.0,1,1.0,0.25352697095435683
9799,172.16.1.196,172.16.1.52,636.0,1612983401.0,100.0,1,1.0,0.26390041493775934
11618,172.16.1.52,172.16.1.196,651.0,1612984008.0,100.0,1,1.0,0.2701244813278008
9765,172.16.1.196,172.16.1.52,681.0,1612983389.0,100.0,1,1.0,0.2825726141078838
12468,172.16.1.196,172.16.1.52,905.0,1612984280.0,100.0,1,1.0,0.3755186721991701
12481,172.16.1.196,172.16.1.52,612.0,1612984282.0,100.0,1,1.0,0.25394190871369293
12587,172.16.1.196,172.16.1.52,663.0,1612984308.0,100.0,1,1.0,0.27510373443983405
9684,172.16.1.52,172.16.1.196,609.0,1612983352.0,100.0,1,1.0,0.25269709543568464
12579,172.16.1.196,172.16.1.52,469.0,1612984305.0,100.0,1,1.0,0.1946058091286307
12428,172.16.1.196,172.16.1.52,1357.0,1612984269.0,100.0,1,1.0,0.5630705394190871
12469,172.16.1.52,172.16.1.196,905.0,1612984280.0,100.0,1,1.0,0.3755186721991701
12588,172.16.1.52,172.16.1.196,663.0,1612984308.0,100.0,1,1.0,0.27510373443983405
12582,172.16.1.52,172.16.1.196,469.0,1612984305.0,100.0,1,1.0,0.1946058091286307
10921,172.16.1.52,172.16.1.196,605.0,1612983828.0,100.0,1,1.0,0.25103734439834025
9717,172.16.1.52,172.16.1.196,642.0,1612983377.0,100.0,1,1.0,0.26639004149377593
12510,172.16.1.52,172.16.1.196,631.0,1612984293.0,100.0,1,1.0,0.26182572614107885
9767,172.16.1.52,172.16.1.196,681.0,1612983389.0,100.0,1,1.0,0.2825726141078838
9769,172.16.1.196,172.16.1.52,602.0,1612983392.0,100.0,1,1.0,0.24979253112033195
9772,172.16.1.52,172.16.1.196,602.0,1612983392.0,100.0,1,1.0,0.24979253112033195
12518,172.16.1.52,172.16.1.196,614.0,1612984296.0,100.0,1,1.0,0.25477178423236513
12430,172.16.1.52,172.16.1.196,1357.0,1612984269.0,100.0,1,1.0,0.5630705394190871
12483,172.16.1.52,172.16.1.196,612.0,1612984282.0,100.0,1,1.0,0.25394190871369293
9679,172.16.1.196,172.16.1.52,609.0,1612983352.0,100.0,1,1.0,0.25269709543568464
10919,172.16.1.196,172.16.1.52,605.0,1612983828.0,100.0,1,1.0,0.25103734439834025
10902,172.16.1.196,172.16.1.52,622.0,1612983825.0,100.0,1,1.0,0.25809128630705397
12509,172.16.1.196,172.16.1.52,631.0,1612984293.0,100.0,1,1.0,0.26182572614107885
12517,172.16.1.196,172.16.1.52,614.0,1612984296.0,100.0,1,1.0,0.25477178423236513
9715,172.16.1.196,172.16.1.52,642.0,1612983377.0,100.0,1,1.0,0.26639004149377593
